<?xml version="1.0" encoding="UTF-8" ?>
<pageDefinition xmlns="http://xmlns.oracle.com/adfm/uimodel" version="11.1.2.64.36" id="empListPageDef"
                Package="mycomp.mobile.pageDefs">
  <parameters/>
  <executables>
    <variableIterator id="variables"/>
    <iterator Binds="root" RangeSize="25" DataControl="Emps" id="EmpsIterator"/>
    <accessorIterator MasterBinding="EmpsIterator" Binds="emps" RangeSize="25" DataControl="Emps"
                      BeanClass="mycomp.mobile.Emp" id="empsIterator"/>
    <iterator Binds="root" RangeSize="25" DataControl="Items" id="ItemsIterator"/>
    <accessorIterator MasterBinding="ItemsIterator" Binds="items" RangeSize="25" DataControl="Items"
                      BeanClass="mycomp.mobile.Item" id="itemsIterator"/>
    <iterator Binds="root" RangeSize="25" DataControl="Menus" id="MenusIterator"/>
    <accessorIterator MasterBinding="MenusIterator" Binds="menus" RangeSize="25" DataControl="Menus"
                      BeanClass="mycomp.mobile.Menu" id="menusIterator"/>
  </executables>
  <bindings>
    <tree IterBinding="empsIterator" id="emps">
      <nodeDefinition DefName="mycomp.mobile.Emp" Name="emps0">
        <AttrNames>
          <Item Value="name"/>
        </AttrNames>
      </nodeDefinition>
    </tree>
    <attributeValues IterBinding="empsIterator" id="name">
      <AttrNames>
        <Item Value="name"/>
      </AttrNames>
    </attributeValues>
    <attributeValues IterBinding="empsIterator" id="email">
      <AttrNames>
        <Item Value="email"/>
      </AttrNames>
    </attributeValues>
    <attributeValues IterBinding="empsIterator" id="salary">
      <AttrNames>
        <Item Value="salary"/>
      </AttrNames>
    </attributeValues>
    <attributeValues IterBinding="empsIterator" id="hireDate">
      <AttrNames>
        <Item Value="hireDate"/>
      </AttrNames>
    </attributeValues>
    <action IterBinding="empsIterator" id="setCurrentRowWithKey" RequiresUpdateModel="false"
            Action="setCurrentRowWithKey">
      <NamedData NDName="rowKey" NDValue="#{pageFlowScope.empId}" NDType="java.lang.String"/>
    </action>
    <list IterBinding="itemsIterator" ListOperMode="navigation" ListIter="itemsIterator" id="items"
          DTSupportsMRU="false" SelectItemValueMode="ListObject">
      <AttrNames>
        <Item Value="name"/>
        <Item Value="price"/>
      </AttrNames>
    </list>
    <list IterBinding="menusIterator" ListOperMode="navigation" ListIter="menusIterator" id="menus"
          DTSupportsMRU="false" SelectItemValueMode="ListObject">
      <AttrNames>
        <Item Value="name"/>
        <Item Value="price"/>
      </AttrNames>
    </list>
  </bindings>
</pageDefinition>
