<?xml version="1.0" encoding="UTF-8" ?>
<pageDefinition xmlns="http://xmlns.oracle.com/adfm/uimodel" version="11.1.2.64.36" id="graphPageDef"
                Package="mycomp.mobile.pageDefs">
  <parameters/>
  <executables>
    <variableIterator id="variables"/>
    <iterator Binds="root" RangeSize="25" DataControl="Emps" id="EmpsIterator"/>
    <accessorIterator MasterBinding="EmpsIterator" Binds="emps" RangeSize="-1" DataControl="Emps"
                      BeanClass="mycomp.mobile.Emp" id="empsIterator"/>
  </executables>
  <bindings>
    <tree IterBinding="empsIterator" id="emps">
      <nodeDefinition DefName="mycomp.mobile.Emp" Name="emps0">
        <AttrNames>
          <Item Value="salary"/>
          <Item Value="name"/>
        </AttrNames>
      </nodeDefinition>
    </tree>
  </bindings>
</pageDefinition>
