<?xml version="1.0" encoding="windows-1252" ?>
<!DOCTYPE Entity SYSTEM "jbo_03_01.dtd">
<!---->
<Entity
  xmlns="http://xmlns.oracle.com/bc4j"
  Name="Menu"
  Version="11.1.2.64.36"
  DBObjectType="table"
  DBObjectName="MENU"
  AliasName="Menu"
  BindingStyle="OracleName"
  UseGlueCode="false">
  <Attribute
    Name="Id"
    IsNotNull="true"
    ColumnName="ID"
    SQLType="NUMERIC"
    Type="java.math.BigDecimal"
    ColumnType="NUMBER"
    TableName="MENU"
    PrimaryKey="true"/>
  <Attribute
    Name="Name"
    Precision="50"
    ColumnName="NAME"
    SQLType="VARCHAR"
    Type="java.lang.String"
    ColumnType="VARCHAR2"
    TableName="MENU">
    <DesignTime>
      <Attr Name="_DisplaySize" Value="50"/>
    </DesignTime>
  </Attribute>
  <Attribute
    Name="Price"
    Precision="5"
    Scale="2"
    ColumnName="PRICE"
    SQLType="NUMERIC"
    Type="java.math.BigDecimal"
    ColumnType="NUMBER"
    TableName="MENU"/>
  <Key
    Name="SysC003693"
    PrimaryKey="true">
    <DesignTime>
      <Attr Name="_DBObjectName" Value="SYS_C003693"/>
    </DesignTime>
    <AttrArray Name="Attributes">
      <Item Value="mycomp.mobile.Menu.Id"/>
    </AttrArray>
  </Key>
</Entity>
