<?xml version="1.0" encoding="UTF-8" ?>
<adfmf:features xmlns:xsi="http://www.w3.org/2001/XMLSchema-instance" xmlns:adfmf="http://xmlns.oracle.com/adf/mf">
  <adfmf:feature id="mycomp.Employees" name="Employees">
    <adfmf:content id="mycomp.Employees.1">
      <adfmf:amx file="mycomp.Employees/EmpsTaskFlow.xml#EmpsTaskFlow"/>
    </adfmf:content>
  </adfmf:feature>
  <adfmf:feature id="mycomp.Help" name="Help">
    <adfmf:content id="mycomp.Help.1">
      <adfmf:localHTML url="mycomp.Help/help.html"/>
    </adfmf:content>
  </adfmf:feature>
</adfmf:features>
